[
    {
        "driverId": "vettel",
        "url": "https://www.countryflags.io/de/shiny/32.png"
    },
    {
        "driverId": "alonso",
        "url": "https://www.countryflags.io/es/shiny/32.png"
    },
    {
        "driverId": "webber",
        "url": "https://www.countryflags.io/au/shiny/32.png"
    },
    {
        "driverId": "hamilton",
        "url": "https://www.countryflags.io/gb/shiny/32.png"
    },
    {
        "driverId": "raikkonen",
        "url": "https://www.countryflags.io/fi/shiny/32.png"
    },
    {
        "driverId": "rosberg",
        "url": "https://www.countryflags.io/de/shiny/32.png"
    },
    {
        "driverId": "grosjean",
        "url": "https://www.countryflags.io/fr/shiny/32.png"
    },
    {
        "driverId": "massa",
        "url": "https://www.countryflags.io/br/shiny/32.png"
    },
    {
        "driverId": "button",
        "url": "https://www.countryflags.io/gb/shiny/32.png"
    },
    {
        "driverId": "hulkenberg",
        "url": "https://www.countryflags.io/de/shiny/32.png"
    },
    {
        "driverId": "perez",
        "url": "https://www.countryflags.io/mx/shiny/32.png"
    },
    {
        "driverId": "resta",
        "url": "https://www.countryflags.io/gb/shiny/32.png"
    },
    {
        "driverId": "sutil",
        "url": "https://www.countryflags.io/de/shiny/32.png"
    },
    {
        "driverId": "ricciardo",
        "url": "https://www.countryflags.io/au/shiny/32.png"
    },
    {
        "driverId": "vergne",
        "url": "https://www.countryflags.io/fr/shiny/32.png"
    },
    {
        "driverId": "gutierrez",
        "url": "https://www.countryflags.io/mx/shiny/32.png"
    },
    {
        "driverId": "bottas",
        "url": "https://www.countryflags.io/fi/shiny/32.png"
    },
    {
        "driverId": "maldonado",
        "url": "https://www.countryflags.io/ve/shiny/32.png"
    },
    {
        "driverId": "jules_bianchi",
        "url": "https://www.countryflags.io/fr/shiny/32.png"
    },
    {
        "driverId": "pic",
        "url": "https://www.countryflags.io/fr/shiny/32.png"
    },
    {
        "driverId": "garde",
        "url": "https://www.countryflags.io/nl/shiny/32.png"
    },
    {
        "driverId": "kovalainen",
        "url": "https://www.countryflags.io/fi/shiny/32.png"
    },
    {
        "driverId": "chilton",
        "url": "https://www.countryflags.io/gb/shiny/32.png"
    }
]