[
    {
        "driverId": "vettel",
        "url": "https://upload.wikimedia.org/wikipedia/commons/thumb/b/b3/Sebastian_Vettel_2017_Malaysia_2.jpg/220px-Sebastian_Vettel_2017_Malaysia_2.jpg"
    },
    {
        "driverId": "alonso",
        "url": "https://upload.wikimedia.org/wikipedia/commons/thumb/2/2b/Alonso_2016.jpg/240px-Alonso_2016.jpg"
    },
    {
        "driverId": "webber",
        "url": "https://upload.wikimedia.org/wikipedia/commons/thumb/b/b2/Mark_Webber_2017_Malaysian_GP_podium.jpg/180px-Mark_Webber_2017_Malaysian_GP_podium.jpg"
    },
    {
        "driverId": "hamilton",
        "url": "https://upload.wikimedia.org/wikipedia/commons/thumb/1/18/Lewis_Hamilton_2016_Malaysia_2.jpg/220px-Lewis_Hamilton_2016_Malaysia_2.jpg"
    },
    {
        "driverId": "raikkonen",
        "url": "https://upload.wikimedia.org/wikipedia/commons/thumb/9/96/F12019_Schloss_Gabelhofen_%2822%29.jpg/220px-F12019_Schloss_Gabelhofen_%2822%29.jpg"
    },
    {
        "driverId": "rosberg",
        "url": "https://upload.wikimedia.org/wikipedia/commons/thumb/3/31/Nico_Rosberg_2016.jpg/220px-Nico_Rosberg_2016.jpg"
    },
    {
        "driverId": "grosjean",
        "url": "https://upload.wikimedia.org/wikipedia/commons/thumb/8/87/F12019_Schloss_Gabelhofen_%2813%29.jpg/220px-F12019_Schloss_Gabelhofen_%2813%29.jpg"
    },
    {
        "driverId": "massa",
        "url": "https://upload.wikimedia.org/wikipedia/commons/thumb/7/79/Felipe_Massa_Le_Mans_Classic_2018_%28cropped%29.jpg/220px-Felipe_Massa_Le_Mans_Classic_2018_%28cropped%29.jpg"
    },
    {
        "driverId": "button",
        "url": "https://upload.wikimedia.org/wikipedia/commons/thumb/d/dc/Jenson_Button_bahrain_2012.jpg/220px-Jenson_Button_bahrain_2012.jpg"
    },
    {
        "driverId": "hulkenberg",
        "url": "https://upload.wikimedia.org/wikipedia/commons/thumb/d/de/2019_Formula_One_tests_Barcelona%2C_Hulkenberg_%2840287128313%29.jpg/220px-2019_Formula_One_tests_Barcelona%2C_Hulkenberg_%2840287128313%29.jpg"
    },
    {
        "driverId": "perez",
        "url": "https://upload.wikimedia.org/wikipedia/commons/thumb/f/f3/2019_Formula_One_tests_Barcelona%2C_P%C3%A9rez_%2847200017422%29.jpg/220px-2019_Formula_One_tests_Barcelona%2C_P%C3%A9rez_%2847200017422%29.jpg"
    },
    {
        "driverId": "resta",
        "url": "https://upload.wikimedia.org/wikipedia/commons/thumb/d/df/2014_DTM_HockenheimringII_Paul_di_Resta_by_2eight_8SC5384.jpg/220px-2014_DTM_HockenheimringII_Paul_di_Resta_by_2eight_8SC5384.jpg"
    },
    {
        "driverId": "sutil",
        "url": "https://upload.wikimedia.org/wikipedia/commons/thumb/e/e4/Adrian_Sutil.jpg/220px-Adrian_Sutil.jpg"
    },
    {
        "driverId": "ricciardo",
        "url": "https://upload.wikimedia.org/wikipedia/commons/thumb/9/96/F12019_Schloss_Gabelhofen_%2818%29.jpg/220px-F12019_Schloss_Gabelhofen_%2818%29.jpg"
    },
    {
        "driverId": "vergne",
        "url": "https://upload.wikimedia.org/wikipedia/commons/thumb/b/b6/Jean-%C3%89ric_Vergne_at_2018_Berlin_ePrix_podium.jpg/220px-Jean-%C3%89ric_Vergne_at_2018_Berlin_ePrix_podium.jpg"
    },
    {
        "driverId": "gutierrez",
        "url": "https://upload.wikimedia.org/wikipedia/commons/thumb/c/c1/Esteban_Guti%C3%A9rrez_%2813125202644%29.jpg/220px-Esteban_Guti%C3%A9rrez_%2813125202644%29.jpg"
    },
    {
        "driverId": "bottas",
        "url": "https://upload.wikimedia.org/wikipedia/commons/thumb/9/9a/2019_Formula_One_tests_Barcelona%2C_Bottas_%2847200028912%29.jpg/220px-2019_Formula_One_tests_Barcelona%2C_Bottas_%2847200028912%29.jpg"
    },
    {
        "driverId": "maldonado",
        "url": "https://upload.wikimedia.org/wikipedia/commons/thumb/0/00/Pastor_Maldonado_2015_Malaysia.jpg/220px-Pastor_Maldonado_2015_Malaysia.jpg"
    },
    {
        "driverId": "jules_bianchi",
        "url": "https://upload.wikimedia.org/wikipedia/commons/thumb/0/03/Jules_Bianchi_2012-1.JPG/220px-Jules_Bianchi_2012-1.JPG"
    },
    {
        "driverId": "pic",
        "url": "https://upload.wikimedia.org/wikipedia/commons/thumb/e/ef/Charles_Pic_Moscow_2013.jpg/220px-Charles_Pic_Moscow_2013.jpg"
    },
    {
        "driverId": "garde",
        "url": "https://upload.wikimedia.org/wikipedia/commons/thumb/b/b7/Giedo_van_der_Garde.jpg/220px-Giedo_van_der_Garde.jpg"
    },
    {
        "driverId": "kovalainen",
        "url": "https://upload.wikimedia.org/wikipedia/commons/thumb/2/29/Effect_20190609_091716.jpg/220px-Effect_20190609_091716.jpg"
    },
    {
        "driverId": "chilton",
        "url": "https://upload.wikimedia.org/wikipedia/commons/thumb/f/f8/Max_Chilton_2.jpg/220px-Max_Chilton_2.jpg"
    }
]