[
    {
        "raceName": "Australian Grand Prix",
        "countryImgUrl": "https://www.countryflags.io/au/flat/32.png"
    },
    {
        "raceName": "Malaysian Grand Prix",
        "countryImgUrl": "https://www.countryflags.io/my/flat/32.png"
    },
    {
        "raceName": "Chinese Grand Prix",
        "countryImgUrl": "https://www.countryflags.io/cn/flat/32.png"
    },
    {
        "raceName": "Bahrain Grand Prix",
        "countryImgUrl": "https://www.countryflags.io/bh/flat/32.png"
    },
    {
        "raceName": "Spanish Grand Prix",
        "countryImgUrl": "https://www.countryflags.io/es/flat/32.png"
    },
    {
        "raceName": "Monaco Grand Prix",
        "countryImgUrl": "https://www.countryflags.io/mc/flat/32.png"
    },
    {
        "raceName": "Canadian Grand Prix",
        "countryImgUrl": "https://www.countryflags.io/ca/flat/32.png"
    },
    {
        "raceName": "British Grand Prix",
        "countryImgUrl": "https://www.countryflags.io/gb/flat/32.png"
    },
    {
        "raceName": "German Grand Prix",
        "countryImgUrl": "https://www.countryflags.io/de/flat/32.png"
    },
    {
        "raceName": "Hungarian Grand Prix",
        "countryImgUrl": "https://www.countryflags.io/hu/flat/32.png"
    },
    {
        "raceName": "Belgian Grand Prix",
        "countryImgUrl": "https://www.countryflags.io/be/flat/32.png"
    },
    {
        "raceName": "Italian Grand Prix",
        "countryImgUrl": "https://www.countryflags.io/it/flat/32.png"
    },
    {
        "raceName": "Singapore Grand Prix",
        "countryImgUrl": "https://www.countryflags.io/sg/flat/32.png"
    },
    {
        "raceName": "Korean Grand Prix",
        "countryImgUrl": "https://www.countryflags.io/kr/flat/32.png"
    },
    {
        "raceName": "Japanese Grand Prix",
        "countryImgUrl": "https://www.countryflags.io/jp/flat/32.png"
    },
    {
        "raceName": "Indian Grand Prix",
        "countryImgUrl": "https://www.countryflags.io/in/flat/32.png"
    },
    {
        "raceName": "Abu Dhabi Grand Prix",
        "countryImgUrl": "https://www.countryflags.io/ae/flat/32.png"
    },
    {
        "raceName": "United States Grand Prix",
        "countryImgUrl": "https://www.countryflags.io/us/flat/32.png"
    },
    {
        "raceName": "Brazilian Grand Prix",
        "countryImgUrl": "https://www.countryflags.io/br/flat/32.png"
    }
]