[
    {
        "nationality": "German",
        "flagUrl": "https://www.countryflags.io/de/flat/32.png"
    },
    {
        "nationality": "Spanish",
        "flagUrl": "https://www.countryflags.io/es/flat/32.png"
    },
    {
        "nationality": "Australian",
        "flagUrl": "https://www.countryflags.io/au/flat/32.png"
    },
    {
        "nationality": "British",
        "flagUrl": "https://www.countryflags.io/gb/flat/32.png"
    },
    {
        "nationality": "Finnish",
        "flagUrl": "https://www.countryflags.io/fi/flat/32.png"
    },
    {
        "nationality": "French",
        "flagUrl": "https://www.countryflags.io/fr/flat/32.png"
    },
    {
        "nationality": "Brazilian",
        "flagUrl": "https://www.countryflags.io/br/flat/32.png"
    },
    {
        "nationality": "Mexican",
        "flagUrl": "https://www.countryflags.io/mx/flat/32.png"
    },
    {
        "nationality": "Venezuelan",
        "flagUrl": "https://www.countryflags.io/ve/flat/32.png"
    },
    {
        "nationality": "Russian",
        "flagUrl": "https://www.countryflags.io/ru/flat/32.png"
    },
    {
        "nationality": "Dutch",
        "flagUrl": "https://www.countryflags.io/nl/flat/32.png"
    },
    {
        "nationality": "Monegasque",
        "flagUrl": "https://www.countryflags.io/mc/flat/32.png"
    },
    {
        "nationality": "Thai",
        "flagUrl": "https://www.countryflags.io/th/flat/32.png"
    },
    {
        "nationality": "Canadian",
        "flagUrl": "https://www.countryflags.io/ca/flat/32.png"
    },
    {
        "nationality": "Danish",
        "flagUrl": "https://www.countryflags.io/dk/flat/32.png"
    },
    {
        "nationality": "Italian",
        "flagUrl": "https://www.countryflags.io/it/flat/32.png"
    },
    {
        "nationality": "Polish",
        "flagUrl": "https://www.countryflags.io/pl/flat/32.png"
    },
    {
        "nationality": "Belgian",
        "flagUrl": "https://www.countryflags.io/be/flat/32.png"
    },
    {
        "nationality": "Swedish",
        "flagUrl": "https://www.countryflags.io/se/flat/32.png"
    },
    {
        "nationality": "New Zealander",
        "flagUrl": "https://www.countryflags.io/nz/flat/32.png"
    },
    {
        "nationality": "Indonesian",
        "flagUrl": "https://www.countryflags.io/id/flat/32.png"
    },
    {
        "nationality": "American",
        "flagUrl": "https://www.countryflags.io/us/flat/32.png"
    },
    {
        "nationality": "Japanese",
        "flagUrl": "https://www.countryflags.io/jp/flat/32.png"
    },
    {
        "nationality": "Indian",
        "flagUrl": "https://www.countryflags.io/in/flat/32.png"
    },
    {
        "nationality": "Swiss",
        "flagUrl": "https://www.countryflags.io/ch/flat/32.png"
    },
    {
        "nationality": "Austrian",
        "flagUrl": "https://www.countryflags.io/at/flat/32.png"
    },
    {
        "nationality": "Colombian",
        "flagUrl": "https://www.countryflags.io/co/flat/32.png"
    },
    {
        "nationality": "Portuguese",
        "flagUrl": "https://www.countryflags.io/pt/flat/32.png"
    },
    {
        "nationality": "Irish",
        "flagUrl": "https://www.countryflags.io/ie/flat/32.png"
    },
    {
        "nationality": "Hungarian",
        "flagUrl": "https://www.countryflags.io/hu/flat/32.png"
    },
    {
        "nationality": "Malaysian",
        "flagUrl": "https://www.countryflags.io/my/flat/32.png"
    },
    {
        "nationality": "Czech",
        "flagUrl": "https://www.countryflags.io/cz/flat/32.png"
    },
    {
        "nationality": "Argentine",
        "flagUrl": "https://www.countryflags.io/ar/flat/32.png"
    },
    {
        "nationality": "Hong Kong",
        "flagUrl": "https://www.countryflags.io/hk/flat/32.png"
    },
    {
        "nationality": "Chilean",
        "flagUrl": "https://www.countryflags.io/cl/flat/32.png"
    },
    {
        "nationality": "South African",
        "flagUrl": "https://www.countryflags.io/za/flat/32.png"
    },
    {
        "nationality": "Liechtensteiner",
        "flagUrl": "https://www.countryflags.io/li/flat/32.png"
    },
    {
        "nationality": "New Zealand",
        "flagUrl": "https://www.countryflags.io/nz/flat/32.png"
    },
    {
        "nationality": "Rhodesian",
        "flagUrl": "https://upload.wikimedia.org/wikipedia/commons/thumb/0/02/Flag_of_Rhodesia_%281968%E2%80%931979%29.svg/23px-Flag_of_Rhodesia_%281968%E2%80%931979%29.svg.png"
    },
    {
        "nationality": "Thai",
        "flagUrl": "https://www.countryflags.io/th/flat/32.png"
    }
]