{
    "MRData": {
        "xmlns": "http:\/\/ergast.com\/mrd\/1.4",
        "series": "f1",
        "url": "http://ergast.com/api/f1/2013/results.json",
        "limit": "30",
        "offset": "0",
        "total": "418",
        "RaceTable": {
            "season": "2013",
            "Races": [
                {
                    "season": "2013",
                    "round": "1",
                    "url": "http:\/\/en.wikipedia.org\/wiki\/2013_Australian_Grand_Prix",
                    "raceName": "Australian Grand Prix",
                    "Circuit": {
                        "circuitId": "albert_park",
                        "url": "http://en.wikipedia.org/wiki/Melbourne_Grand_Prix_Circuit",
                        "circuitName": "Albert Park Grand Prix Circuit",
                        "Location": {
                            "lat": "-37.8497",
                            "long": "144.968",
                            "locality": "Melbourne",
                            "country": "Australia"
                        }
                    },
                    "date": "2013-03-17",
                    "time": "06:00:00Z",
                    "Results": [
                        {
                            "number": "7",
                            "position": "1",
                            "positionText": "1",
                            "points": "25",
                            "Driver": {
                                "driverId": "raikkonen",
                                "permanentNumber": "7",
                                "code": "RAI",
                                "url": "http:\/\/en.wikipedia.org\/wiki\/Kimi_R%C3%A4ikk%C3%B6nen",
                                "givenName": "Kimi",
                                "familyName": "Räikkönen",
                                "dateOfBirth": "1979-10-17",
                                "nationality": "Finnish"
                            },
                            "Constructor": {
                                "constructorId": "lotus_f1",
                                "url": "http:\/\/en.wikipedia.org\/wiki\/Lotus_F1",
                                "name": "Lotus F1",
                                "nationality": "British"
                            },
                            "grid": "7",
                            "laps": "58",
                            "status": "Finished",
                            "Time": {
                                "millis": "5403225",
                                "time": "1:30:03.225"
                            },
                            "FastestLap": {
                                "rank": "1",
                                "lap": "56",
                                "Time": {
                                    "time": "1:29.274"
                                },
                                "AverageSpeed": {
                                    "units": "kph",
                                    "speed": "213.845"
                                }
                            }
                        },
                        {
                            "number": "3",
                            "position": "2",
                            "positionText": "2",
                            "points": "18",
                            "Driver": {
                                "driverId": "alonso",
                                "permanentNumber": "14",
                                "code": "ALO",
                                "url": "http:\/\/en.wikipedia.org\/wiki\/Fernando_Alonso",
                                "givenName": "Fernando",
                                "familyName": "Alonso",
                                "dateOfBirth": "1981-07-29",
                                "nationality": "Spanish"
                            },
                            "Constructor": {
                                "constructorId": "ferrari",
                                "url": "http:\/\/en.wikipedia.org\/wiki\/Scuderia_Ferrari",
                                "name": "Ferrari",
                                "nationality": "Italian"
                            },
                            "grid": "5",
                            "laps": "58",
                            "status": "Finished",
                            "Time": {
                                "millis": "5415676",
                                "time": "+12.451"
                            },
                            "FastestLap": {
                                "rank": "3",
                                "lap": "53",
                                "Time": {
                                    "time": "1:29.560"
                                },
                                "AverageSpeed": {
                                    "units": "kph",
                                    "speed": "213.162"
                                }
                            }
                        },
                        {
                            "number": "1",
                            "position": "3",
                            "positionText": "3",
                            "points": "15",
                            "Driver": {
                                "driverId": "vettel",
                                "permanentNumber": "5",
                                "code": "VET",
                                "url": "http:\/\/en.wikipedia.org\/wiki\/Sebastian_Vettel",
                                "givenName": "Sebastian",
                                "familyName": "Vettel",
                                "dateOfBirth": "1987-07-03",
                                "nationality": "German"
                            },
                            "Constructor": {
                                "constructorId": "red_bull",
                                "url": "http:\/\/en.wikipedia.org\/wiki\/Red_Bull_Racing",
                                "name": "Red Bull",
                                "nationality": "Austrian"
                            },
                            "grid": "1",
                            "laps": "58",
                            "status": "Finished",
                            "Time": {
                                "millis": "5425571",
                                "time": "+22.346"
                            },
                            "FastestLap": {
                                "rank": "10",
                                "lap": "42",
                                "Time": {
                                    "time": "1:30.409"
                                },
                                "AverageSpeed": {
                                    "units": "kph",
                                    "speed": "211.160"
                                }
                            }
                        },
                        {
                            "number": "4",
                            "position": "4",
                            "positionText": "4",
                            "points": "12",
                            "Driver": {
                                "driverId": "massa",
                                "permanentNumber": "19",
                                "code": "MAS",
                                "url": "http:\/\/en.wikipedia.org\/wiki\/Felipe_Massa",
                                "givenName": "Felipe",
                                "familyName": "Massa",
                                "dateOfBirth": "1981-04-25",
                                "nationality": "Brazilian"
                            },
                            "Constructor": {
                                "constructorId": "ferrari",
                                "url": "http:\/\/en.wikipedia.org\/wiki\/Scuderia_Ferrari",
                                "name": "Ferrari",
                                "nationality": "Italian"
                            },
                            "grid": "4",
                            "laps": "58",
                            "status": "Finished",
                            "Time": {
                                "millis": "5436802",
                                "time": "+33.577"
                            },
                            "FastestLap": {
                                "rank": "8",
                                "lap": "38",
                                "Time": {
                                    "time": "1:30.239"
                                },
                                "AverageSpeed": {
                                    "units": "kph",
                                    "speed": "211.558"
                                }
                            }
                        },
                        {
                            "number": "10",
                            "position": "5",
                            "positionText": "5",
                            "points": "10",
                            "Driver": {
                                "driverId": "hamilton",
                                "permanentNumber": "44",
                                "code": "HAM",
                                "url": "http:\/\/en.wikipedia.org\/wiki\/Lewis_Hamilton",
                                "givenName": "Lewis",
                                "familyName": "Hamilton",
                                "dateOfBirth": "1985-01-07",
                                "nationality": "British"
                            },
                            "Constructor": {
                                "constructorId": "mercedes",
                                "url": "http:\/\/en.wikipedia.org\/wiki\/Mercedes-Benz_in_Formula_One",
                                "name": "Mercedes",
                                "nationality": "German"
                            },
                            "grid": "3",
                            "laps": "58",
                            "status": "Finished",
                            "Time": {
                                "millis": "5448786",
                                "time": "+45.561"
                            },
                            "FastestLap": {
                                "rank": "5",
                                "lap": "45",
                                "Time": {
                                    "time": "1:29.759"
                                },
                                "AverageSpeed": {
                                    "units": "kph",
                                    "speed": "212.689"
                                }
                            }
                        },
                        {
                            "number": "2",
                            "position": "6",
                            "positionText": "6",
                            "points": "8",
                            "Driver": {
                                "driverId": "webber",
                                "code": "WEB",
                                "url": "http:\/\/en.wikipedia.org\/wiki\/Mark_Webber",
                                "givenName": "Mark",
                                "familyName": "Webber",
                                "dateOfBirth": "1976-08-27",
                                "nationality": "Australian"
                            },
                            "Constructor": {
                                "constructorId": "red_bull",
                                "url": "http:\/\/en.wikipedia.org\/wiki\/Red_Bull_Racing",
                                "name": "Red Bull",
                                "nationality": "Austrian"
                            },
                            "grid": "2",
                            "laps": "58",
                            "status": "Finished",
                            "Time": {
                                "millis": "5450025",
                                "time": "+46.800"
                            },
                            "FastestLap": {
                                "rank": "4",
                                "lap": "45",
                                "Time": {
                                    "time": "1:29.732"
                                },
                                "AverageSpeed": {
                                    "units": "kph",
                                    "speed": "212.753"
                                }
                            }
                        },
                        {
                            "number": "15",
                            "position": "7",
                            "positionText": "7",
                            "points": "6",
                            "Driver": {
                                "driverId": "sutil",
                                "permanentNumber": "99",
                                "code": "SUT",
                                "url": "http:\/\/en.wikipedia.org\/wiki\/Adrian_Sutil",
                                "givenName": "Adrian",
                                "familyName": "Sutil",
                                "dateOfBirth": "1983-01-11",
                                "nationality": "German"
                            },
                            "Constructor": {
                                "constructorId": "force_india",
                                "url": "http:\/\/en.wikipedia.org\/wiki\/Racing_Point_Force_India",
                                "name": "Force India",
                                "nationality": "Indian"
                            },
                            "grid": "12",
                            "laps": "58",
                            "status": "Finished",
                            "Time": {
                                "millis": "5468293",
                                "time": "+1:05.068"
                            },
                            "FastestLap": {
                                "rank": "13",
                                "lap": "49",
                                "Time": {
                                    "time": "1:30.710"
                                },
                                "AverageSpeed": {
                                    "units": "kph",
                                    "speed": "210.459"
                                }
                            }
                        },
                        {
                            "number": "14",
                            "position": "8",
                            "positionText": "8",
                            "points": "4",
                            "Driver": {
                                "driverId": "resta",
                                "code": "DIR",
                                "url": "http:\/\/en.wikipedia.org\/wiki\/Paul_di_Resta",
                                "givenName": "Paul",
                                "familyName": "di Resta",
                                "dateOfBirth": "1986-04-16",
                                "nationality": "British"
                            },
                            "Constructor": {
                                "constructorId": "force_india",
                                "url": "http:\/\/en.wikipedia.org\/wiki\/Racing_Point_Force_India",
                                "name": "Force India",
                                "nationality": "Indian"
                            },
                            "grid": "9",
                            "laps": "58",
                            "status": "Finished",
                            "Time": {
                                "millis": "5471674",
                                "time": "+1:08.449"
                            },
                            "FastestLap": {
                                "rank": "15",
                                "lap": "56",
                                "Time": {
                                    "time": "1:30.894"
                                },
                                "AverageSpeed": {
                                    "units": "kph",
                                    "speed": "210.033"
                                }
                            }
                        },
                        {
                            "number": "5",
                            "position": "9",
                            "positionText": "9",
                            "points": "2",
                            "Driver": {
                                "driverId": "button",
                                "permanentNumber": "22",
                                "code": "BUT",
                                "url": "http:\/\/en.wikipedia.org\/wiki\/Jenson_Button",
                                "givenName": "Jenson",
                                "familyName": "Button",
                                "dateOfBirth": "1980-01-19",
                                "nationality": "British"
                            },
                            "Constructor": {
                                "constructorId": "mclaren",
                                "url": "http:\/\/en.wikipedia.org\/wiki\/McLaren",
                                "name": "McLaren",
                                "nationality": "British"
                            },
                            "grid": "10",
                            "laps": "58",
                            "status": "Finished",
                            "Time": {
                                "millis": "5484855",
                                "time": "+1:21.630"
                            },
                            "FastestLap": {
                                "rank": "7",
                                "lap": "41",
                                "Time": {
                                    "time": "1:30.198"
                                },
                                "AverageSpeed": {
                                    "units": "kph",
                                    "speed": "211.654"
                                }
                            }
                        },
                        {
                            "number": "8",
                            "position": "10",
                            "positionText": "10",
                            "points": "1",
                            "Driver": {
                                "driverId": "grosjean",
                                "permanentNumber": "8",
                                "code": "GRO",
                                "url": "http:\/\/en.wikipedia.org\/wiki\/Romain_Grosjean",
                                "givenName": "Romain",
                                "familyName": "Grosjean",
                                "dateOfBirth": "1986-04-17",
                                "nationality": "French"
                            },
                            "Constructor": {
                                "constructorId": "lotus_f1",
                                "url": "http:\/\/en.wikipedia.org\/wiki\/Lotus_F1",
                                "name": "Lotus F1",
                                "nationality": "British"
                            },
                            "grid": "8",
                            "laps": "58",
                            "status": "Finished",
                            "Time": {
                                "millis": "5485984",
                                "time": "+1:22.759"
                            },
                            "FastestLap": {
                                "rank": "9",
                                "lap": "41",
                                "Time": {
                                    "time": "1:30.395"
                                },
                                "AverageSpeed": {
                                    "units": "kph",
                                    "speed": "211.193"
                                }
                            }
                        },
                        {
                            "number": "6",
                            "position": "11",
                            "positionText": "11",
                            "points": "0",
                            "Driver": {
                                "driverId": "perez",
                                "permanentNumber": "11",
                                "code": "PER",
                                "url": "http:\/\/en.wikipedia.org\/wiki\/Sergio_P%C3%A9rez",
                                "givenName": "Sergio",
                                "familyName": "Pérez",
                                "dateOfBirth": "1990-01-26",
                                "nationality": "Mexican"
                            },
                            "Constructor": {
                                "constructorId": "mclaren",
                                "url": "http:\/\/en.wikipedia.org\/wiki\/McLaren",
                                "name": "McLaren",
                                "nationality": "British"
                            },
                            "grid": "15",
                            "laps": "58",
                            "status": "Finished",
                            "Time": {
                                "millis": "5486592",
                                "time": "+1:23.367"
                            },
                            "FastestLap": {
                                "rank": "6",
                                "lap": "46",
                                "Time": {
                                    "time": "1:29.926"
                                },
                                "AverageSpeed": {
                                    "units": "kph",
                                    "speed": "212.294"
                                }
                            }
                        },
                        {
                            "number": "18",
                            "position": "12",
                            "positionText": "12",
                            "points": "0",
                            "Driver": {
                                "driverId": "vergne",
                                "permanentNumber": "25",
                                "code": "VER",
                                "url": "http:\/\/en.wikipedia.org\/wiki\/Jean-%C3%89ric_Vergne",
                                "givenName": "Jean-Éric",
                                "familyName": "Vergne",
                                "dateOfBirth": "1990-04-25",
                                "nationality": "French"
                            },
                            "Constructor": {
                                "constructorId": "toro_rosso",
                                "url": "http:\/\/en.wikipedia.org\/wiki\/Scuderia_Toro_Rosso",
                                "name": "Toro Rosso",
                                "nationality": "Italian"
                            },
                            "grid": "13",
                            "laps": "58",
                            "status": "Finished",
                            "Time": {
                                "millis": "5487082",
                                "time": "+1:23.857"
                            },
                            "FastestLap": {
                                "rank": "2",
                                "lap": "50",
                                "Time": {
                                    "time": "1:29.498"
                                },
                                "AverageSpeed": {
                                    "units": "kph",
                                    "speed": "213.309"
                                }
                            }
                        },
                        {
                            "number": "12",
                            "position": "13",
                            "positionText": "13",
                            "points": "0",
                            "Driver": {
                                "driverId": "gutierrez",
                                "permanentNumber": "21",
                                "code": "GUT",
                                "url": "http:\/\/en.wikipedia.org\/wiki\/Esteban_Guti%C3%A9rrez",
                                "givenName": "Esteban",
                                "familyName": "Gutiérrez",
                                "dateOfBirth": "1991-08-05",
                                "nationality": "Mexican"
                            },
                            "Constructor": {
                                "constructorId": "sauber",
                                "url": "http:\/\/en.wikipedia.org\/wiki\/Sauber",
                                "name": "Sauber",
                                "nationality": "Swiss"
                            },
                            "grid": "18",
                            "laps": "57",
                            "status": "+1 Lap",
                            "FastestLap": {
                                "rank": "16",
                                "lap": "32",
                                "Time": {
                                    "time": "1:31.415"
                                },
                                "AverageSpeed": {
                                    "units": "kph",
                                    "speed": "208.836"
                                }
                            }
                        },
                        {
                            "number": "17",
                            "position": "14",
                            "positionText": "14",
                            "points": "0",
                            "Driver": {
                                "driverId": "bottas",
                                "permanentNumber": "77",
                                "code": "BOT",
                                "url": "http:\/\/en.wikipedia.org\/wiki\/Valtteri_Bottas",
                                "givenName": "Valtteri",
                                "familyName": "Bottas",
                                "dateOfBirth": "1989-08-28",
                                "nationality": "Finnish"
                            },
                            "Constructor": {
                                "constructorId": "williams",
                                "url": "http:\/\/en.wikipedia.org\/wiki\/Williams_Grand_Prix_Engineering",
                                "name": "Williams",
                                "nationality": "British"
                            },
                            "grid": "16",
                            "laps": "57",
                            "status": "+1 Lap",
                            "FastestLap": {
                                "rank": "12",
                                "lap": "42",
                                "Time": {
                                    "time": "1:30.652"
                                },
                                "AverageSpeed": {
                                    "units": "kph",
                                    "speed": "210.594"
                                }
                            }
                        },
                        {
                            "number": "22",
                            "position": "15",
                            "positionText": "15",
                            "points": "0",
                            "Driver": {
                                "driverId": "jules_bianchi",
                                "permanentNumber": "17",
                                "code": "BIA",
                                "url": "http:\/\/en.wikipedia.org\/wiki\/Jules_Bianchi",
                                "givenName": "Jules",
                                "familyName": "Bianchi",
                                "dateOfBirth": "1989-08-03",
                                "nationality": "French"
                            },
                            "Constructor": {
                                "constructorId": "marussia",
                                "url": "http:\/\/en.wikipedia.org\/wiki\/Marussia_F1",
                                "name": "Marussia",
                                "nationality": "Russian"
                            },
                            "grid": "19",
                            "laps": "57",
                            "status": "+1 Lap",
                            "FastestLap": {
                                "rank": "11",
                                "lap": "52",
                                "Time": {
                                    "time": "1:30.454"
                                },
                                "AverageSpeed": {
                                    "units": "kph",
                                    "speed": "211.055"
                                }
                            }
                        },
                        {
                            "number": "20",
                            "position": "16",
                            "positionText": "16",
                            "points": "0",
                            "Driver": {
                                "driverId": "pic",
                                "code": "PIC",
                                "url": "http:\/\/en.wikipedia.org\/wiki\/Charles_Pic",
                                "givenName": "Charles",
                                "familyName": "Pic",
                                "dateOfBirth": "1990-02-15",
                                "nationality": "French"
                            },
                            "Constructor": {
                                "constructorId": "caterham",
                                "url": "http:\/\/en.wikipedia.org\/wiki\/Caterham_F1",
                                "name": "Caterham",
                                "nationality": "Malaysian"
                            },
                            "grid": "22",
                            "laps": "56",
                            "status": "+2 Laps",
                            "FastestLap": {
                                "rank": "19",
                                "lap": "55",
                                "Time": {
                                    "time": "1:32.261"
                                },
                                "AverageSpeed": {
                                    "units": "kph",
                                    "speed": "206.921"
                                }
                            }
                        },
                        {
                            "number": "23",
                            "position": "17",
                            "positionText": "17",
                            "points": "0",
                            "Driver": {
                                "driverId": "chilton",
                                "permanentNumber": "4",
                                "code": "CHI",
                                "url": "http:\/\/en.wikipedia.org\/wiki\/Max_Chilton",
                                "givenName": "Max",
                                "familyName": "Chilton",
                                "dateOfBirth": "1991-04-21",
                                "nationality": "British"
                            },
                            "Constructor": {
                                "constructorId": "marussia",
                                "url": "http:\/\/en.wikipedia.org\/wiki\/Marussia_F1",
                                "name": "Marussia",
                                "nationality": "Russian"
                            },
                            "grid": "20",
                            "laps": "56",
                            "status": "+2 Laps",
                            "FastestLap": {
                                "rank": "17",
                                "lap": "49",
                                "Time": {
                                    "time": "1:32.210"
                                },
                                "AverageSpeed": {
                                    "units": "kph",
                                    "speed": "207.036"
                                }
                            }
                        },
                        {
                            "number": "21",
                            "position": "18",
                            "positionText": "18",
                            "points": "0",
                            "Driver": {
                                "driverId": "garde",
                                "code": "VDG",
                                "url": "http:\/\/en.wikipedia.org\/wiki\/Giedo_van_der_Garde",
                                "givenName": "Giedo",
                                "familyName": "van der Garde",
                                "dateOfBirth": "1985-04-25",
                                "nationality": "Dutch"
                            },
                            "Constructor": {
                                "constructorId": "caterham",
                                "url": "http:\/\/en.wikipedia.org\/wiki\/Caterham_F1",
                                "name": "Caterham",
                                "nationality": "Malaysian"
                            },
                            "grid": "21",
                            "laps": "56",
                            "status": "+2 Laps",
                            "FastestLap": {
                                "rank": "20",
                                "lap": "39",
                                "Time": {
                                    "time": "1:32.636"
                                },
                                "AverageSpeed": {
                                    "units": "kph",
                                    "speed": "206.084"
                                }
                            }
                        },
                        {
                            "number": "19",
                            "position": "19",
                            "positionText": "R",
                            "points": "0",
                            "Driver": {
                                "driverId": "ricciardo",
                                "permanentNumber": "3",
                                "code": "RIC",
                                "url": "http:\/\/en.wikipedia.org\/wiki\/Daniel_Ricciardo",
                                "givenName": "Daniel",
                                "familyName": "Ricciardo",
                                "dateOfBirth": "1989-07-01",
                                "nationality": "Australian"
                            },
                            "Constructor": {
                                "constructorId": "toro_rosso",
                                "url": "http:\/\/en.wikipedia.org\/wiki\/Scuderia_Toro_Rosso",
                                "name": "Toro Rosso",
                                "nationality": "Italian"
                            },
                            "grid": "14",
                            "laps": "39",
                            "status": "Hydraulics",
                            "FastestLap": {
                                "rank": "14",
                                "lap": "33",
                                "Time": {
                                    "time": "1:30.881"
                                },
                                "AverageSpeed": {
                                    "units": "kph",
                                    "speed": "210.063"
                                }
                            }
                        },
                        {
                            "number": "9",
                            "position": "20",
                            "positionText": "R",
                            "points": "0",
                            "Driver": {
                                "driverId": "rosberg",
                                "permanentNumber": "6",
                                "code": "ROS",
                                "url": "http:\/\/en.wikipedia.org\/wiki\/Nico_Rosberg",
                                "givenName": "Nico",
                                "familyName": "Rosberg",
                                "dateOfBirth": "1985-06-27",
                                "nationality": "German"
                            },
                            "Constructor": {
                                "constructorId": "mercedes",
                                "url": "http:\/\/en.wikipedia.org\/wiki\/Mercedes-Benz_in_Formula_One",
                                "name": "Mercedes",
                                "nationality": "German"
                            },
                            "grid": "6",
                            "laps": "26",
                            "status": "Electrical",
                            "FastestLap": {
                                "rank": "18",
                                "lap": "18",
                                "Time": {
                                    "time": "1:32.259"
                                },
                                "AverageSpeed": {
                                    "units": "kph",
                                    "speed": "206.926"
                                }
                            }
                        },
                        {
                            "number": "16",
                            "position": "21",
                            "positionText": "R",
                            "points": "0",
                            "Driver": {
                                "driverId": "maldonado",
                                "permanentNumber": "13",
                                "code": "MAL",
                                "url": "http:\/\/en.wikipedia.org\/wiki\/Pastor_Maldonado",
                                "givenName": "Pastor",
                                "familyName": "Maldonado",
                                "dateOfBirth": "1985-03-09",
                                "nationality": "Venezuelan"
                            },
                            "Constructor": {
                                "constructorId": "williams",
                                "url": "http:\/\/en.wikipedia.org\/wiki\/Williams_Grand_Prix_Engineering",
                                "name": "Williams",
                                "nationality": "British"
                            },
                            "grid": "17",
                            "laps": "24",
                            "status": "Spun off",
                            "FastestLap": {
                                "rank": "21",
                                "lap": "12",
                                "Time": {
                                    "time": "1:32.915"
                                },
                                "AverageSpeed": {
                                    "units": "kph",
                                    "speed": "205.465"
                                }
                            }
                        },
                        {
                            "number": "11",
                            "position": "22",
                            "positionText": "W",
                            "points": "0",
                            "Driver": {
                                "driverId": "hulkenberg",
                                "permanentNumber": "27",
                                "code": "HUL",
                                "url": "http:\/\/en.wikipedia.org\/wiki\/Nico_H%C3%BClkenberg",
                                "givenName": "Nico",
                                "familyName": "Hülkenberg",
                                "dateOfBirth": "1987-08-19",
                                "nationality": "German"
                            },
                            "Constructor": {
                                "constructorId": "sauber",
                                "url": "http:\/\/en.wikipedia.org\/wiki\/Sauber",
                                "name": "Sauber",
                                "nationality": "Swiss"
                            },
                            "grid": "11",
                            "laps": "0",
                            "status": "Fuel system"
                        }
                    ]
                },
                {
                    "season": "2013",
                    "round": "2",
                    "url": "http:\/\/en.wikipedia.org\/wiki\/2013_Malaysian_Grand_Prix",
                    "raceName": "Malaysian Grand Prix",
                    "Circuit": {
                        "circuitId": "sepang",
                        "url": "http://en.wikipedia.org/wiki/Sepang_International_Circuit",
                        "circuitName": "Sepang International Circuit",
                        "Location": {
                            "lat": "2.76083",
                            "long": "101.738",
                            "locality": "Kuala Lumpur",
                            "country": "Malaysia"
                        }
                    },
                    "date": "2013-03-24",
                    "time": "08:00:00Z",
                    "Results": [
                        {
                            "number": "1",
                            "position": "1",
                            "positionText": "1",
                            "points": "25",
                            "Driver": {
                                "driverId": "vettel",
                                "permanentNumber": "5",
                                "code": "VET",
                                "url": "http:\/\/en.wikipedia.org\/wiki\/Sebastian_Vettel",
                                "givenName": "Sebastian",
                                "familyName": "Vettel",
                                "dateOfBirth": "1987-07-03",
                                "nationality": "German"
                            },
                            "Constructor": {
                                "constructorId": "red_bull",
                                "url": "http:\/\/en.wikipedia.org\/wiki\/Red_Bull_Racing",
                                "name": "Red Bull",
                                "nationality": "Austrian"
                            },
                            "grid": "1",
                            "laps": "56",
                            "status": "Finished",
                            "Time": {
                                "millis": "5936681",
                                "time": "1:38:56.681"
                            },
                            "FastestLap": {
                                "rank": "3",
                                "lap": "45",
                                "Time": {
                                    "time": "1:40.446"
                                },
                                "AverageSpeed": {
                                    "units": "kph",
                                    "speed": "198.661"
                                }
                            }
                        },
                        {
                            "number": "2",
                            "position": "2",
                            "positionText": "2",
                            "points": "18",
                            "Driver": {
                                "driverId": "webber",
                                "code": "WEB",
                                "url": "http:\/\/en.wikipedia.org\/wiki\/Mark_Webber",
                                "givenName": "Mark",
                                "familyName": "Webber",
                                "dateOfBirth": "1976-08-27",
                                "nationality": "Australian"
                            },
                            "Constructor": {
                                "constructorId": "red_bull",
                                "url": "http:\/\/en.wikipedia.org\/wiki\/Red_Bull_Racing",
                                "name": "Red Bull",
                                "nationality": "Austrian"
                            },
                            "grid": "5",
                            "laps": "56",
                            "status": "Finished",
                            "Time": {
                                "millis": "5940979",
                                "time": "+4.298"
                            },
                            "FastestLap": {
                                "rank": "6",
                                "lap": "45",
                                "Time": {
                                    "time": "1:40.685"
                                },
                                "AverageSpeed": {
                                    "units": "kph",
                                    "speed": "198.190"
                                }
                            }
                        },
                        {
                            "number": "10",
                            "position": "3",
                            "positionText": "3",
                            "points": "15",
                            "Driver": {
                                "driverId": "hamilton",
                                "permanentNumber": "44",
                                "code": "HAM",
                                "url": "http:\/\/en.wikipedia.org\/wiki\/Lewis_Hamilton",
                                "givenName": "Lewis",
                                "familyName": "Hamilton",
                                "dateOfBirth": "1985-01-07",
                                "nationality": "British"
                            },
                            "Constructor": {
                                "constructorId": "mercedes",
                                "url": "http:\/\/en.wikipedia.org\/wiki\/Mercedes-Benz_in_Formula_One",
                                "name": "Mercedes",
                                "nationality": "German"
                            },
                            "grid": "4",
                            "laps": "56",
                            "status": "Finished",
                            "Time": {
                                "millis": "5948862",
                                "time": "+12.181"
                            },
                            "FastestLap": {
                                "rank": "10",
                                "lap": "32",
                                "Time": {
                                    "time": "1:41.001"
                                },
                                "AverageSpeed": {
                                    "units": "kph",
                                    "speed": "197.570"
                                }
                            }
                        },
                        {
                            "number": "9",
                            "position": "4",
                            "positionText": "4",
                            "points": "12",
                            "Driver": {
                                "driverId": "rosberg",
                                "permanentNumber": "6",
                                "code": "ROS",
                                "url": "http:\/\/en.wikipedia.org\/wiki\/Nico_Rosberg",
                                "givenName": "Nico",
                                "familyName": "Rosberg",
                                "dateOfBirth": "1985-06-27",
                                "nationality": "German"
                            },
                            "Constructor": {
                                "constructorId": "mercedes",
                                "url": "http:\/\/en.wikipedia.org\/wiki\/Mercedes-Benz_in_Formula_One",
                                "name": "Mercedes",
                                "nationality": "German"
                            },
                            "grid": "6",
                            "laps": "56",
                            "status": "Finished",
                            "Time": {
                                "millis": "5949321",
                                "time": "+12.640"
                            },
                            "FastestLap": {
                                "rank": "8",
                                "lap": "44",
                                "Time": {
                                    "time": "1:40.755"
                                },
                                "AverageSpeed": {
                                    "units": "kph",
                                    "speed": "198.052"
                                }
                            }
                        },
                        {
                            "number": "4",
                            "position": "5",
                            "positionText": "5",
                            "points": "10",
                            "Driver": {
                                "driverId": "massa",
                                "permanentNumber": "19",
                                "code": "MAS",
                                "url": "http:\/\/en.wikipedia.org\/wiki\/Felipe_Massa",
                                "givenName": "Felipe",
                                "familyName": "Massa",
                                "dateOfBirth": "1981-04-25",
                                "nationality": "Brazilian"
                            },
                            "Constructor": {
                                "constructorId": "ferrari",
                                "url": "http:\/\/en.wikipedia.org\/wiki\/Scuderia_Ferrari",
                                "name": "Ferrari",
                                "nationality": "Italian"
                            },
                            "grid": "2",
                            "laps": "56",
                            "status": "Finished",
                            "Time": {
                                "millis": "5962329",
                                "time": "+25.648"
                            },
                            "FastestLap": {
                                "rank": "2",
                                "lap": "50",
                                "Time": {
                                    "time": "1:39.805"
                                },
                                "AverageSpeed": {
                                    "units": "kph",
                                    "speed": "199.937"
                                }
                            }
                        },
                        {
                            "number": "8",
                            "position": "6",
                            "positionText": "6",
                            "points": "8",
                            "Driver": {
                                "driverId": "grosjean",
                                "permanentNumber": "8",
                                "code": "GRO",
                                "url": "http:\/\/en.wikipedia.org\/wiki\/Romain_Grosjean",
                                "givenName": "Romain",
                                "familyName": "Grosjean",
                                "dateOfBirth": "1986-04-17",
                                "nationality": "French"
                            },
                            "Constructor": {
                                "constructorId": "lotus_f1",
                                "url": "http:\/\/en.wikipedia.org\/wiki\/Lotus_F1",
                                "name": "Lotus F1",
                                "nationality": "British"
                            },
                            "grid": "11",
                            "laps": "56",
                            "status": "Finished",
                            "Time": {
                                "millis": "5972245",
                                "time": "+35.564"
                            },
                            "FastestLap": {
                                "rank": "11",
                                "lap": "37",
                                "Time": {
                                    "time": "1:41.226"
                                },
                                "AverageSpeed": {
                                    "units": "kph",
                                    "speed": "197.131"
                                }
                            }
                        },
                        {
                            "number": "7",
                            "position": "7",
                            "positionText": "7",
                            "points": "6",
                            "Driver": {
                                "driverId": "raikkonen",
                                "permanentNumber": "7",
                                "code": "RAI",
                                "url": "http:\/\/en.wikipedia.org\/wiki\/Kimi_R%C3%A4ikk%C3%B6nen",
                                "givenName": "Kimi",
                                "familyName": "Räikkönen",
                                "dateOfBirth": "1979-10-17",
                                "nationality": "Finnish"
                            },
                            "Constructor": {
                                "constructorId": "lotus_f1",
                                "url": "http:\/\/en.wikipedia.org\/wiki\/Lotus_F1",
                                "name": "Lotus F1",
                                "nationality": "British"
                            },
                            "grid": "10",
                            "laps": "56",
                            "status": "Finished",
                            "Time": {
                                "millis": "5985160",
                                "time": "+48.479"
                            },
                            "FastestLap": {
                                "rank": "13",
                                "lap": "37",
                                "Time": {
                                    "time": "1:41.769"
                                },
                                "AverageSpeed": {
                                    "units": "kph",
                                    "speed": "196.079"
                                }
                            }
                        },
                        {
                            "number": "11",
                            "position": "8",
                            "positionText": "8",
                            "points": "4",
                            "Driver": {
                                "driverId": "hulkenberg",
                                "permanentNumber": "27",
                                "code": "HUL",
                                "url": "http:\/\/en.wikipedia.org\/wiki\/Nico_H%C3%BClkenberg",
                                "givenName": "Nico",
                                "familyName": "Hülkenberg",
                                "dateOfBirth": "1987-08-19",
                                "nationality": "German"
                            },
                            "Constructor": {
                                "constructorId": "sauber",
                                "url": "http:\/\/en.wikipedia.org\/wiki\/Sauber",
                                "name": "Sauber",
                                "nationality": "Swiss"
                            },
                            "grid": "12",
                            "laps": "56",
                            "status": "Finished",
                            "Time": {
                                "millis": "5989725",
                                "time": "+53.044"
                            },
                            "FastestLap": {
                                "rank": "7",
                                "lap": "46",
                                "Time": {
                                    "time": "1:40.727"
                                },
                                "AverageSpeed": {
                                    "units": "kph",
                                    "speed": "198.107"
                                }
                            }
                        }
                    ]
                }
            ]
        }
    }
}